ID,site,tank,pump,error,meter_drift_rates,change_dates
5084,0,0,0,0,,
3945,0,0,0,1,-0.0199152,18/02/2022 6:20
7144,0,0,1,0,,
6587,0,0,1,1,0.020341938,20/03/2022 12:53
4479,0,0,2,0,,
3194,0,0,2,1,0.019653511,4/03/2022 7:43
5400,0,0,3,0,,
8334,0,0,3,1,0.020220327,19/03/2022 8:40
7918,0,1,4,0,,
1193,0,1,4,1,0.020474291,13/03/2022 12:17
3168,0,1,5,0,,
4697,0,1,5,1,0.020360652,17/03/2022 7:03
9983,0,1,6,0,,
7092,0,1,6,1,0.020003975,21/02/2022 10:35
6119,0,1,2,0,,
8890,0,1,2,1,-0.01910702,4/03/2022 14:45
1720,0,2,6,0,,
9322,0,2,6,1,-0.020928082,10/03/2022 14:56
2919,0,2,2,0,,
6605,0,2,2,1,0.020556927,19/03/2022 16:53
1741,0,3,5,0,,
8075,0,3,5,1,-0.020422933,21/01/2022 14:02
2120,0,3,4,0,,
9058,0,3,4,1,-0.019224176,17/03/2022 15:03
7888,0,4,0,0,,
3462,0,4,0,1,0.019013859,21/02/2022 9:39
5092,0,4,2,0,,
8475,0,4,2,1,0.019488315,24/01/2022 15:51
4196,0,4,1,0,,
8384,0,4,1,1,-0.019180887,13/01/2022 6:32
2070,0,4,3,0,,
9241,0,4,3,1,-0.019064004,15/03/2022 13:51
3659,0,5,6,0,,
4706,0,5,6,1,0.0206948,13/02/2022 13:15
7347,0,5,0,0,,
4083,0,5,0,1,0.019481444,4/01/2022 13:57
6132,0,5,1,0,,
7782,0,5,1,1,0.019180378,11/02/2022 13:28
5343,0,5,2,0,,
9746,0,5,2,1,-0.020915885,2/03/2022 13:13
8232,0,5,5,0,,
9050,0,5,5,1,-0.020371672,10/01/2022 19:50
1194,0,5,4,0,,
2979,0,5,4,1,0.020570753,29/01/2022 18:03
1120,0,5,3,0,,
4925,0,5,3,1,-0.020236674,20/12/2021 8:35
8180,0,5,2,0,,
9440,0,5,2,1,0.019628795,24/01/2022 10:41
1508,1,0,2,0,,
5791,1,0,2,1,0.020439488,2/06/2021 12:30
8059,1,0,3,0,,
3772,1,0,3,1,-0.020635737,26/06/2021 12:22
1713,1,0,2,0,,
4319,1,0,2,1,0.019060427,18/05/2021 4:46
3290,1,0,6,0,,
9198,1,0,6,1,-0.019405349,28/05/2021 9:31
6870,1,0,2,0,,
4642,1,0,2,1,0.020924135,22/06/2021 23:48
7197,1,1,2,0,,
7536,1,1,2,1,-0.020692705,3/06/2021 9:38
8381,1,1,2,0,,
7583,1,1,2,1,0.020015486,11/06/2021 11:05
8003,1,2,2,0,,
4704,1,2,2,1,0.020793257,2/05/2021 9:00
9032,1,2,2,0,,
5814,1,2,2,1,-0.019066518,29/04/2021 7:05
3458,1,3,2,0,,
5065,1,3,2,1,0.020918628,14/06/2021 12:25
3028,1,3,2,0,,
3749,1,3,2,1,-0.020841573,26/05/2021 8:59
4489,1,4,7,0,,
9328,1,4,7,1,-0.019584738,24/04/2021 11:48
5859,1,4,8,0,,
2335,1,4,8,1,-0.020058301,19/06/2021 14:09
7158,1,4,0,0,,
9642,1,4,0,1,0.019070186,18/05/2021 15:26
7594,1,4,1,0,,
8385,1,4,1,1,-0.020046321,18/04/2021 16:53
1962,1,5,6,0,,
1442,1,5,6,1,-0.019427919,13/05/2021 14:56
2101,1,5,2,0,,
1253,1,5,2,1,0.019462129,9/05/2021 9:28
5364,1,5,5,0,,
5830,1,5,5,1,-0.01995819,16/04/2021 16:51
4743,1,5,4,0,,
2554,1,5,4,1,-0.019025786,16/06/2021 14:48
9274,1,6,5,0,,
4606,1,6,5,1,0.019718807,23/05/2021 15:52
6366,1,6,4,0,,
2095,1,6,4,1,0.019896726,23/04/2021 19:47
1466,1,6,0,0,,
2953,1,6,0,1,-0.01996215,17/04/2021 10:38
9855,1,6,1,0,,
1545,1,6,1,1,0.019757168,21/04/2021 16:00
9777,1,7,6,0,,
7128,1,7,6,1,0.019716278,18/06/2021 23:38
7093,1,7,2,0,,
9106,1,7,2,1,0.020808751,5/06/2021 5:36
7584,1,7,8,0,,
9218,1,7,8,1,0.019501615,11/05/2021 7:23
8382,1,7,7,0,,
7525,1,7,7,1,-0.019732896,23/06/2021 12:29
6555,2,0,7,0,,
4596,2,0,7,1,-0.020146914,11/01/2022 6:55
7010,2,0,5,0,,
7963,2,0,5,1,0.020615265,17/01/2022 8:21
3448,2,0,4,0,,
7097,2,0,4,1,-0.019740187,2/01/2022 14:42
3832,2,0,8,0,,
9759,2,0,8,1,0.020054637,5/02/2022 10:56
2966,2,1,7,0,,
1529,2,1,7,1,0.02088152,22/01/2022 11:52
5711,2,1,8,0,,
8518,2,1,8,1,0.01918013,14/02/2022 17:15
6282,2,1,5,0,,
2076,2,1,5,1,-0.020202485,2/01/2022 11:38
6164,2,1,4,0,,
4139,2,1,4,1,0.020085464,10/01/2022 15:35
1456,2,2,6,0,,
9672,2,2,6,1,0.019981098,12/12/2021 16:21
6938,2,2,2,0,,
5810,2,2,2,1,0.019477221,12/12/2021 20:01
1046,2,3,6,0,,
1830,2,3,6,1,-0.02084344,26/01/2022 13:16
2650,2,3,2,0,,
3842,2,3,2,1,0.020768788,5/01/2022 18:04
4584,2,4,3,0,,
6686,2,4,3,1,-0.019683787,1/02/2022 18:34
2765,2,4,2,0,,
4166,2,4,2,1,-0.01988013,25/12/2021 12:48
9770,3,1,8,0,,
9994,3,1,8,1,-0.019337472,29/01/2022 17:20
7980,3,1,2,0,,
8221,3,1,2,1,0.019999651,13/03/2022 13:33
9394,3,1,7,0,,
2006,3,1,7,1,0.01950525,3/03/2022 14:18
8902,3,1,4,0,,
1201,3,1,4,1,-0.019258917,5/02/2022 18:51
1865,3,1,5,0,,
9180,3,1,5,1,0.019596122,11/03/2022 13:01
2863,3,3,2,0,,
9932,3,3,2,1,-0.01907701,22/01/2022 13:46
4496,3,3,8,0,,
6871,3,3,8,1,0.020494878,23/01/2022 17:30
5648,3,3,4,0,,
5124,3,3,4,1,0.020763634,28/03/2022 8:59
1570,3,3,5,0,,
7534,3,3,5,1,-0.020560154,14/01/2022 9:51
4011,3,3,7,0,,
5733,3,3,7,1,0.020868171,19/02/2022 17:42
1718,3,4,1,0,,
1630,3,4,1,1,-0.019142811,8/03/2022 6:29
6273,3,4,0,0,,
8839,3,4,0,1,0.02041564,25/02/2022 13:00
3908,4,0,7,0,,
4502,4,0,7,1,-0.019930894,14/03/2022 16:00
4368,4,0,4,0,,
6271,4,0,4,1,0.019526253,1/02/2022 6:04
9411,4,0,8,0,,
6244,4,0,8,1,0.020043511,9/03/2022 8:32
6197,4,0,5,0,,
1106,4,0,5,1,0.020864317,6/03/2022 11:53
6741,4,1,6,0,,
2583,4,1,6,1,-0.01934561,19/02/2022 10:17
6647,4,1,8,0,,
5613,4,1,8,1,0.019468823,11/02/2022 15:57
3910,4,1,2,0,,
3536,4,1,2,1,0.020198353,24/01/2022 5:39
2181,4,1,7,0,,
8252,4,1,7,1,0.019483156,9/02/2022 8:01
1407,4,2,4,0,,
7437,4,2,4,1,0.019555704,5/03/2022 17:51
6485,4,2,5,0,,
7759,4,2,5,1,0.019557113,23/01/2022 9:43
4352,4,2,1,0,,
1893,4,2,1,1,-0.020835529,1/03/2022 7:04
1057,4,2,0,0,,
1576,4,2,0,1,-0.019534345,17/02/2022 23:21
2215,4,3,2,0,,
4362,4,3,2,1,-0.019211889,22/02/2022 13:23
3257,4,3,6,0,,
7538,4,3,6,1,-0.020659122,15/02/2022 13:11
3538,4,3,0,0,,
6438,4,3,0,1,-0.020149074,21/02/2022 16:58
8164,4,3,1,0,,
2401,4,3,1,1,0.019515277,23/01/2022 15:29
4171,4,4,3,0,,
1728,4,4,3,1,-0.019299984,3/12/2021 9:37
7248,5,0,3,0,,
8880,5,0,3,1,0.020364266,25/01/2022 11:00
8093,5,0,5,0,,
5117,5,0,5,1,0.020644864,8/02/2022 7:31
4105,5,0,2,0,,
3107,5,0,2,1,-0.019499107,2/02/2022 15:53
8442,5,0,4,0,,
1989,5,0,4,1,0.020711952,10/02/2022 7:39
3338,5,0,6,0,,
4286,5,0,6,1,0.020078223,3/03/2022 9:07
6052,5,0,2,0,,
2725,5,0,2,1,0.019399777,27/02/2022 18:59
9807,5,1,2,0,,
4423,5,1,2,1,0.019265547,20/01/2022 6:47
3311,5,1,2,0,,
3822,5,1,2,1,0.019400202,11/01/2022 19:22
3142,5,2,7,0,,
4673,5,2,7,1,-0.019309215,20/02/2022 9:57
1671,5,2,4,0,,
6285,5,2,4,1,0.019989008,30/12/2021 14:35
2506,5,2,8,0,,
5627,5,2,8,1,0.020057833,15/03/2022 13:10
3241,5,2,5,0,,
9063,5,2,5,1,0.020931947,10/02/2022 15:01
8653,5,2,2,0,,
3026,5,2,2,1,0.01951302,22/12/2021 20:16
6348,5,2,2,0,,
7078,5,2,2,1,-0.020352319,16/02/2022 13:39
6982,5,3,0,0,,
6607,5,3,0,1,-0.019311899,9/01/2022 11:12
5829,5,3,1,0,,
8808,5,3,1,1,0.020950696,1/02/2022 17:10
8581,5,3,2,0,,
9056,5,3,2,1,-0.020384474,2/03/2022 14:51
6846,5,3,2,0,,
1853,5,3,2,1,-0.019736625,8/03/2022 13:45
3164,5,4,1,0,,
4730,5,4,1,1,0.020539286,7/03/2022 15:23
3697,5,4,0,0,,
4854,5,4,0,1,0.020386647,29/01/2022 9:02
7959,5,4,8,0,,
2053,5,4,8,1,0.020679528,22/01/2022 10:40
5624,5,4,7,0,,
3149,5,4,7,1,-0.020634481,16/03/2022 8:39
5080,6,0,6,0,,
5985,6,0,6,1,-0.020121616,12/10/2021 7:30
5953,6,0,4,0,,
9077,6,0,4,1,-0.019638691,5/09/2021 11:40
6062,6,0,8,0,,
8829,6,0,8,1,0.020299398,10/10/2021 9:32
1427,6,0,7,0,,
6452,6,0,7,1,-0.01913819,27/08/2021 5:31
1543,6,0,2,0,,
8600,6,0,2,1,-0.020924037,26/07/2021 15:45
9598,6,0,1,0,,
4533,6,0,1,1,0.019742987,31/07/2021 9:01
8737,6,0,9,0,,
4009,6,0,9,1,-0.020638474,31/08/2021 17:18
4028,6,0,9,0,,
6427,6,0,9,1,0.019928869,17/08/2021 16:09
3698,6,0,9,0,,
8807,6,0,9,1,-0.01923662,5/08/2021 13:32
6263,6,1,6,0,,
5594,6,1,6,1,0.020036017,4/09/2021 19:51
3050,6,1,7,0,,
7204,6,1,7,1,0.020532256,1/10/2021 21:58
8293,6,1,8,0,,
5745,6,1,8,1,0.019199117,12/08/2021 5:40
7222,6,1,2,0,,
2022,6,1,2,1,-0.020463219,5/08/2021 14:14
8287,6,1,4,0,,
9245,6,1,4,1,0.020934737,11/10/2021 17:21
6249,6,1,1,0,,
4449,6,1,1,1,0.020312945,12/09/2021 0:58
5432,6,2,8,0,,
8162,6,2,8,1,0.019882942,8/10/2021 22:08
3876,6,2,7,0,,
4307,6,2,7,1,0.02080038,15/08/2021 18:20
1295,6,2,6,0,,
7822,6,2,6,1,-0.019317626,9/09/2021 6:49
6179,6,2,2,0,,
6552,6,2,2,1,-0.020714619,16/09/2021 16:08
3049,6,3,4,0,,
7689,6,3,4,1,-0.019950091,31/08/2021 15:37
6290,6,3,5,0,,
3598,6,3,5,1,0.019237316,6/09/2021 18:13
1714,6,4,7,0,,
2639,6,4,7,1,-0.019168731,23/09/2021 15:24
3741,6,4,8,0,,
6838,6,4,8,1,-0.020602243,24/08/2021 18:41
3854,6,4,6,0,,
8407,6,4,6,1,0.019000431,5/09/2021 15:30
2434,6,4,4,0,,
5224,6,4,4,1,0.019106883,6/10/2021 6:27
8182,6,4,5,0,,
2795,6,4,5,1,0.020335692,24/08/2021 11:24
2426,6,4,1,0,,
3053,6,4,1,1,0.020767636,23/09/2021 8:31
8610,6,4,2,0,,
3843,6,4,2,1,0.020127442,22/08/2021 7:35
9546,6,6,2,0,,
7314,6,6,2,1,0.019396916,13/08/2021 6:52
3264,6,6,2,0,,
5184,6,6,2,1,0.020008994,28/09/2021 16:33
6740,6,7,2,0,,
6145,6,7,2,1,-0.019735157,9/09/2021 10:08
9455,6,7,2,0,,
9373,6,7,2,1,0.02085901,13/09/2021 4:53
7198,6,7,2,0,,
8150,6,7,2,1,-0.019575271,20/08/2021 7:37
2085,7,1,2,0,,
3453,7,1,2,1,-0.020541783,3/02/2022 22:12
1117,7,1,2,0,,
5658,7,1,2,1,0.019614287,16/03/2022 13:54
6455,7,2,2,0,,
9664,7,2,2,1,0.0207336,17/01/2022 11:24
7429,7,2,6,0,,
2645,7,2,6,1,0.020957289,11/03/2022 15:57
8669,7,3,2,0,,
7895,7,3,2,1,0.020374683,17/01/2022 21:10
9286,7,3,6,0,,
4644,7,3,6,1,0.020851296,24/01/2022 21:28
6256,7,4,2,0,,
7039,7,4,2,1,0.020302187,11/01/2022 20:29
7318,7,4,2,0,,
3442,7,4,2,1,-0.019187688,10/01/2022 19:51
8926,7,5,1,0,,
7982,7,5,1,1,-0.019441516,6/02/2022 12:15
4659,7,5,5,0,,
9210,7,5,5,1,-0.020088565,4/02/2022 6:18
5268,7,5,4,0,,
6800,7,5,4,1,0.02001139,22/02/2022 9:12
7258,7,5,7,0,,
4204,7,5,7,1,-0.020517523,24/02/2022 12:08
3055,7,5,0,0,,
5765,7,5,0,1,0.020120404,11/02/2022 17:16
5577,7,5,3,0,,
6175,7,5,3,1,0.020064952,19/02/2022 15:55
6189,7,6,2,0,,
5282,7,6,2,1,-0.020986914,17/03/2022 15:19
2036,7,6,2,0,,
6994,7,6,2,1,0.020459518,3/03/2022 9:47
2381,7,6,8,0,,
7530,7,6,8,1,-0.020296546,2/02/2022 9:49
2557,7,6,2,0,,
3144,7,6,2,1,-0.019785524,21/01/2022 18:31
9098,7,7,3,0,,
5960,7,7,3,1,0.020214458,10/03/2022 6:18
5222,7,7,0,0,,
2121,7,7,0,1,-0.020373155,16/03/2022 14:48
1494,7,7,2,0,,
3124,7,7,2,1,-0.020210448,13/02/2022 11:32
6323,7,7,4,0,,
7663,7,7,4,1,0.020844137,7/03/2022 17:31
8791,7,7,7,0,,
6877,7,7,7,1,-0.020511684,15/03/2022 10:40
6344,7,8,8,0,,
9625,7,8,8,1,0.020692321,9/01/2022 12:36
7043,7,8,2,0,,
9765,7,8,2,1,-0.02091786,15/01/2022 9:14
3358,8,0,0,0,,
6473,8,0,0,1,-0.019639747,24/11/2021 8:38
4699,8,0,5,0,,
6093,8,0,5,1,-0.019633948,9/03/2022 16:30
8835,8,0,6,0,,
1394,8,0,6,1,-0.020928957,17/02/2022 7:36
9800,8,0,8,0,,
1752,8,0,8,1,0.019498303,24/01/2022 14:21
4942,8,0,2,0,,
9420,8,0,2,1,0.019509955,10/03/2022 6:21
3903,8,0,4,0,,
3121,8,0,4,1,0.02073659,21/02/2022 12:18
6706,8,0,1,0,,
5270,8,0,1,1,-0.020328096,21/02/2022 6:40
3849,8,2,6,0,,
9509,8,2,6,1,0.020120369,28/02/2022 7:34
6152,8,2,4,0,,
2595,8,2,4,1,-0.019446086,11/01/2022 8:18
6013,8,2,8,0,,
1617,8,2,8,1,-0.019610595,24/03/2022 17:18
2148,8,2,5,0,,
1107,8,2,5,1,-0.020509732,17/02/2022 9:13
6057,8,2,2,0,,
6387,8,2,2,1,0.019801111,8/03/2022 9:57
6791,8,2,7,0,,
6985,8,2,7,1,0.019940147,24/02/2022 16:03
4292,8,3,6,0,,
7592,8,3,6,1,0.020435293,8/02/2022 14:02
4002,8,3,7,0,,
6172,8,3,7,1,-0.019384018,16/01/2022 8:22
2332,8,3,5,0,,
9481,8,3,5,1,0.019065476,14/01/2022 9:57
5484,8,3,2,0,,
3525,8,3,2,1,0.019502288,26/01/2022 19:02
3466,8,3,8,0,,
1562,8,3,8,1,0.020766463,15/03/2022 8:43
6829,8,3,4,0,,
3100,8,3,4,1,0.020432291,11/02/2022 10:33
9978,8,3,2,0,,
6098,8,3,2,1,-0.019591272,23/01/2022 15:46
3624,8,4,8,0,,
2996,8,4,8,1,-0.020535765,21/02/2022 15:29
7193,8,4,6,0,,
6739,8,4,6,1,0.019521193,24/01/2022 18:28
6003,8,4,2,0,,
7878,8,4,2,1,0.019727122,13/02/2022 9:58
7060,9,0,1,0,,
8845,9,0,1,1,-0.020482755,26/01/2022 10:18
2929,9,0,0,0,,
9457,9,0,0,1,-0.020279941,5/03/2022 17:35
3413,9,0,4,0,,
9029,9,0,4,1,0.019433623,7/03/2022 15:37
4054,9,0,5,0,,
1537,9,0,5,1,0.020729771,10/01/2022 15:35
2597,9,0,7,0,,
5788,9,0,7,1,-0.02060198,4/03/2022 11:44
3928,9,1,2,0,,
5221,9,1,2,1,0.020895217,4/02/2022 13:58
8622,9,1,2,0,,
4933,9,1,2,1,0.0191169,11/01/2022 19:22
5199,9,1,3,0,,
4336,9,1,3,1,-0.019278979,12/03/2022 10:31
7239,9,1,2,0,,
5464,9,1,2,1,-0.019924542,12/01/2022 21:14
6578,9,2,1,0,,
3493,9,2,1,1,-0.020588166,23/01/2022 16:40
5279,9,2,2,0,,
5513,9,2,2,1,0.01991858,26/01/2022 13:34
5940,9,2,2,0,,
1600,9,2,2,1,0.019476084,2/03/2022 11:26
2237,9,2,0,0,,
4345,9,2,0,1,0.020941613,12/02/2022 21:33
6227,9,2,3,0,,
7872,9,2,3,1,-0.020110486,13/02/2022 15:50
7985,9,3,2,0,,
7816,9,3,2,1,0.019115237,14/03/2022 15:01
2744,9,3,2,0,,
6389,9,3,2,1,-0.019252162,24/02/2022 12:51
5119,9,3,3,0,,
5334,9,3,3,1,-0.019852221,15/02/2022 8:24
6205,9,3,0,0,,
4162,9,3,0,1,0.019469181,24/03/2022 14:16
5734,9,3,2,0,,
3349,9,3,2,1,-0.020801909,22/02/2022 13:03
8712,9,3,1,0,,
7293,9,3,1,1,-0.019231425,24/03/2022 16:36
9794,9,3,4,0,,
1886,9,3,4,1,0.020575172,1/01/2022 11:02
7775,9,3,5,0,,
7499,9,3,5,1,0.020671223,25/03/2022 17:29
8542,9,4,7,0,,
4190,9,4,7,1,-0.019947054,22/02/2022 19:55
8176,9,4,2,0,,
6341,9,4,2,1,-0.020957899,15/12/2021 14:03
5867,9,4,6,0,,
8318,9,4,6,1,0.019253494,3/02/2022 16:32
1101,9,4,8,0,,
4921,9,4,8,1,-0.020863082,19/01/2022 15:44
2670,10,0,6,0,,
6884,10,0,6,1,-0.019433476,20/08/2021 14:13
7393,10,0,3,0,,
4807,10,0,3,1,0.020106669,27/08/2021 14:33
3650,10,0,2,0,,
6961,10,0,2,1,0.019147581,6/11/2021 3:35
1838,10,0,2,0,,
5319,10,0,2,1,0.020343418,6/11/2021 19:25
6461,10,1,2,0,,
8194,10,1,2,1,0.020963158,9/09/2021 17:15
1740,10,1,6,0,,
9129,10,1,6,1,0.01950978,30/10/2021 21:27
2684,10,1,2,0,,
8496,10,1,2,1,0.020997429,26/09/2021 17:42
7542,10,1,6,0,,
1615,10,1,6,1,-0.020712239,29/10/2021 4:39
6575,10,2,2,0,,
6240,10,2,2,1,0.019874829,29/08/2021 12:05
2456,10,2,2,0,,
5756,10,2,2,1,-0.019384882,1/11/2021 7:15
2659,10,2,6,0,,
2772,10,2,6,1,-0.019188079,21/10/2021 6:52
1487,10,2,6,0,,
9404,10,2,6,1,0.02000088,15/10/2021 13:57
3456,10,3,6,0,,
4628,10,3,6,1,0.020184102,23/09/2021 17:23
8817,10,3,2,0,,
3141,10,3,2,1,-0.020961665,6/10/2021 15:31
9827,10,3,8,0,,
1641,10,3,8,1,-0.020045643,30/09/2021 15:54
8534,10,3,7,0,,
5439,10,3,7,1,0.020911048,29/09/2021 9:34
8324,10,4,1,0,,
4284,10,4,1,1,0.02037994,7/09/2021 16:01
3419,10,4,5,0,,
1560,10,4,5,1,-0.019326675,5/11/2021 8:56
1019,10,4,0,0,,
6921,10,4,0,1,-0.019381791,16/11/2021 17:49
3093,10,4,4,0,,
4892,10,4,4,1,-0.019526772,4/11/2021 19:25
6547,10,5,1,0,,
2429,10,5,1,1,0.01927289,17/09/2021 16:14
6280,10,5,4,0,,
1522,10,5,4,1,0.019485164,17/09/2021 6:48
4425,10,5,5,0,,
7706,10,5,5,1,-0.01990103,29/09/2021 14:30
7490,10,6,8,0,,
3391,10,6,8,1,0.02020663,4/10/2021 7:47
4835,10,6,6,0,,
3566,10,6,6,1,-0.01909723,28/10/2021 10:55
5849,10,6,7,0,,
8328,10,6,7,1,-0.019125641,15/11/2021 16:41
5385,10,6,1,0,,
9278,10,6,1,1,0.019707095,6/10/2021 18:18
3949,10,6,4,0,,
8506,10,6,4,1,-0.020927518,14/10/2021 3:07
6276,10,6,0,0,,
5585,10,6,0,1,0.019296959,3/09/2021 23:17
4902,10,6,5,0,,
8467,10,6,5,1,0.019837685,8/10/2021 14:11
4873,10,6,2,0,,
7054,10,6,2,1,-0.019386498,8/11/2021 5:10
6521,10,7,7,0,,
4965,10,7,7,1,0.02028372,2/10/2021 10:56
6491,10,7,4,0,,
3926,10,7,4,1,0.019178934,23/10/2021 16:05
4161,10,7,5,0,,
7127,10,7,5,1,0.019229725,10/09/2021 19:57
3707,10,7,8,0,,
9422,10,7,8,1,0.019451933,9/10/2021 10:48
1867,10,7,1,0,,
9477,10,7,1,1,0.020472519,1/09/2021 21:32
7159,10,7,2,0,,
8342,10,7,2,1,-0.020695999,31/10/2021 16:14
8583,10,7,6,0,,
3593,10,7,6,1,0.020034413,19/09/2021 12:56
8259,10,7,0,0,,
5356,10,7,0,1,0.019667957,15/09/2021 18:33
9945,11,0,4,0,,
1306,11,0,4,1,-0.019878656,30/01/2022 19:37
7124,11,0,5,0,,
3779,11,0,5,1,-0.019573878,17/02/2022 13:04
3564,11,0,0,0,,
4335,11,0,0,1,-0.019384511,16/01/2022 18:58
1447,11,0,2,0,,
4736,11,0,2,1,-0.020118498,26/01/2022 18:39
1510,11,0,7,0,,
7781,11,0,7,1,-0.020834354,25/01/2022 22:20
9966,11,0,6,0,,
4494,11,0,6,1,-0.020696664,21/01/2022 10:10
7546,11,0,1,0,,
3775,11,0,1,1,0.019311112,17/03/2022 11:15
6956,11,1,4,0,,
5375,11,1,4,1,-0.019760015,27/01/2022 20:33
9684,11,1,5,0,,
8992,11,1,5,1,-0.020649222,23/03/2022 23:00
5169,11,1,8,0,,
3730,11,1,8,1,-0.020042509,18/02/2022 22:15
7267,11,1,7,0,,
9862,11,1,7,1,-0.020228824,4/03/2022 13:14
3902,11,2,0,0,,
5533,11,2,0,1,0.019033048,16/03/2022 11:22
6786,11,2,1,0,,
4179,11,2,1,1,-0.019487868,21/03/2022 19:59
5189,11,2,6,0,,
7381,11,2,6,1,0.020466544,14/03/2022 14:05
7658,11,2,2,0,,
6029,11,2,2,1,0.020147596,18/02/2022 8:31
4146,11,3,6,0,,
4497,11,3,6,1,-0.020582779,3/03/2022 14:38
3938,11,3,1,0,,
4657,11,3,1,1,0.020263264,19/01/2022 10:59
9475,11,3,2,0,,
3422,11,3,2,1,0.019982228,17/03/2022 17:32
5540,11,3,5,0,,
1557,11,3,5,1,-0.020908713,27/01/2022 21:13
7146,11,3,4,0,,
6889,11,3,4,1,-0.019919785,4/03/2022 9:10
2995,11,3,0,0,,
2928,11,3,0,1,0.020034972,22/02/2022 17:56
7934,11,3,7,0,,
2196,11,3,7,1,0.019395127,18/02/2022 21:06
9486,12,0,2,0,,
4718,12,0,2,1,0.019297591,16/02/2022 15:10
9173,12,0,2,0,,
5551,12,0,2,1,-0.020294513,19/02/2022 9:03
1478,12,0,5,0,,
8957,12,0,5,1,-0.020913516,24/01/2022 16:45
5954,12,0,7,0,,
8230,12,0,7,1,0.020630567,6/02/2022 15:49
6370,12,0,2,0,,
7841,12,0,2,1,-0.019383909,19/01/2022 9:14
1597,12,0,4,0,,
6636,12,0,4,1,0.020371358,25/03/2022 11:56
6966,12,0,2,0,,
2850,12,0,2,1,-0.020249601,12/03/2022 8:26
2253,12,0,8,0,,
7190,12,0,8,1,-0.019671582,13/03/2022 7:38
6185,12,1,0,0,,
5888,12,1,0,1,-0.020527647,28/01/2022 11:44
8875,12,1,1,0,,
7711,12,1,1,1,0.020112588,12/02/2022 17:24
4072,12,1,6,0,,
4707,12,1,6,1,-0.019304879,18/03/2022 18:30
8447,12,1,2,0,,
6771,12,1,2,1,-0.020707412,3/03/2022 16:15
4129,12,1,2,0,,
3735,12,1,2,1,-0.019056395,14/02/2022 11:12
3784,12,1,3,0,,
7728,12,1,3,1,0.020498025,28/02/2022 11:25
6404,12,1,2,0,,
9293,12,1,2,1,0.020543394,15/02/2022 12:04
5494,12,2,2,0,,
6478,12,2,2,1,-0.020564014,26/02/2022 22:11
6736,12,2,2,0,,
1081,12,2,2,1,-0.019448052,10/01/2022 12:48
5937,12,2,2,0,,
3864,12,2,2,1,-0.019342695,16/03/2022 6:51
2453,12,2,2,0,,
6789,12,2,2,1,0.01938639,19/03/2022 14:00
1565,12,2,1,0,,
4654,12,2,1,1,-0.020770167,15/02/2022 11:29
7925,12,2,0,0,,
1044,12,2,0,1,0.020936057,20/03/2022 15:17
7698,12,2,7,0,,
1976,12,2,7,1,-0.019003941,27/02/2022 6:58
6437,12,2,3,0,,
9374,12,2,3,1,0.020168494,20/02/2022 16:43
8170,12,3,2,0,,
1042,12,3,2,1,0.020245891,13/03/2022 6:48
6187,12,3,7,0,,
3119,12,3,7,1,-0.020861751,18/01/2022 13:47
7250,12,3,0,0,,
7675,12,3,0,1,0.020297008,14/03/2022 13:07
4231,12,3,2,0,,
3393,12,3,2,1,0.020513926,25/02/2022 23:34
3321,12,3,2,0,,
3056,12,3,2,1,-0.020242195,16/02/2022 8:18
8375,12,3,2,0,,
8894,12,3,2,1,-0.020959947,8/02/2022 12:47
1945,12,3,1,0,,
1022,12,3,1,1,-0.019864627,22/02/2022 22:53
5694,12,3,2,0,,
3245,12,3,2,1,0.020621593,19/03/2022 23:10
7631,12,4,7,0,,
6513,12,4,7,1,-0.01955623,31/01/2022 4:13
7996,12,4,1,0,,
8766,12,4,1,1,0.020341528,9/03/2022 13:14
2334,12,4,5,0,,
6178,12,4,5,1,0.019151579,9/02/2022 17:27
9445,12,4,2,0,,
8615,12,4,2,1,-0.01941502,9/03/2022 16:06
5131,12,4,2,0,,
5298,12,4,2,1,0.019805852,12/02/2022 9:59
6465,12,4,6,0,,
1914,12,4,6,1,-0.019209352,5/02/2022 9:10
4670,12,4,2,0,,
9940,12,4,2,1,0.020305218,18/02/2022 20:17
1415,12,4,0,0,,
7188,12,4,0,1,-0.020691874,23/01/2022 5:22
3228,12,4,2,0,,
6993,12,4,2,1,0.020041792,24/03/2022 18:13
4894,12,4,2,0,,
6611,12,4,2,1,-0.019271301,17/01/2022 11:19
7548,12,4,8,0,,
1468,12,4,8,1,0.020599002,21/02/2022 14:43
8928,12,4,4,0,,
8857,12,4,4,1,-0.020520031,20/01/2022 14:02
5188,12,4,3,0,,
8286,12,4,3,1,-0.019515717,5/02/2022 18:34
3357,12,5,6,0,,
8507,12,5,6,1,-0.019004238,29/01/2022 23:11
6662,12,5,2,0,,
9075,12,5,2,1,-0.019332611,23/01/2022 12:45
5408,12,5,6,0,,
2449,12,5,6,1,-0.020265693,17/01/2022 11:39
2473,12,5,6,0,,
2341,12,5,6,1,-0.019622254,27/01/2022 5:11
1663,12,6,2,0,,
3033,12,6,2,1,-0.020756333,14/01/2022 11:45
8268,12,6,2,0,,
7655,12,6,2,1,-0.019620495,16/02/2022 8:50
2075,12,6,6,0,,
1660,12,6,6,1,-0.019991235,18/03/2022 14:34
3567,12,6,8,0,,
5635,12,6,8,1,0.019954742,23/02/2022 3:28
8015,12,7,8,0,,
2111,12,7,8,1,-0.020019576,23/03/2022 1:03
5020,12,7,6,0,,
6476,12,7,6,1,0.020660701,8/03/2022 20:24
9894,12,7,6,0,,
2958,12,7,6,1,-0.019381668,7/02/2022 8:08
8314,12,7,6,0,,
8205,12,7,6,1,-0.020131825,12/01/2022 20:06
4293,12,7,6,0,,
5712,12,7,6,1,-0.020536034,17/02/2022 10:20
2692,13,0,7,0,,
9532,13,0,7,1,0.020227438,3/07/2021 2:12
7481,13,0,8,0,,
1538,13,0,8,1,-0.020300854,30/07/2021 14:55
2994,13,0,2,0,,
7138,13,0,2,1,0.019227358,20/06/2021 18:33
2441,13,0,2,0,,
4349,13,0,2,1,-0.020800094,27/06/2021 18:26
5066,13,0,2,0,,
4720,13,0,2,1,0.019025426,11/06/2021 17:15
9730,13,1,2,0,,
5884,13,1,2,1,-0.019605683,16/06/2021 12:56
5976,13,1,2,0,,
1571,13,1,2,1,-0.019112229,15/07/2021 19:50
7114,13,1,2,0,,
3489,13,1,2,1,0.020051315,20/07/2021 9:02
3705,13,1,2,0,,
8453,13,1,2,1,0.019980268,25/06/2021 17:33
4591,13,1,3,0,,
6036,13,1,3,1,0.01987003,18/06/2021 7:38
7637,13,1,2,0,,
1860,13,1,2,1,-0.020418963,2/07/2021 14:50
5171,13,2,2,0,,
3043,13,2,2,1,0.019741761,18/06/2021 5:09
5430,13,2,0,0,,
7807,13,2,0,1,-0.020399108,29/06/2021 19:13
8377,13,2,2,0,,
4367,13,2,2,1,0.019596195,27/06/2021 15:52
3971,13,2,3,0,,
1490,13,2,3,1,-0.020278541,17/07/2021 17:37
1116,13,2,1,0,,
1160,13,2,1,1,-0.019445728,13/07/2021 20:20
2214,13,3,1,0,,
5278,13,3,1,1,-0.020788886,11/07/2021 18:04
8987,13,3,0,0,,
2146,13,3,0,1,0.019753691,18/06/2021 19:05
5127,13,3,2,0,,
7084,13,3,2,1,0.020881637,30/07/2021 8:14
3529,13,3,4,0,,
9549,13,3,4,1,0.019581831,30/06/2021 12:53
7840,13,3,6,0,,
8405,13,3,6,1,-0.019324419,6/07/2021 15:03
4463,13,4,5,0,,
9491,13,4,5,1,-0.01974946,20/06/2021 11:18
2853,13,4,0,0,,
8269,13,4,0,1,0.020094644,15/07/2021 12:31
9845,13,4,1,0,,
4662,13,4,1,1,0.020830885,31/07/2021 6:36
7723,13,4,4,0,,
1517,13,4,4,1,0.019568423,12/07/2021 13:50
2808,13,5,2,0,,
4290,13,5,2,1,0.019822558,20/06/2021 20:07
7540,13,5,1,0,,
5956,13,5,1,1,0.020446861,27/07/2021 0:42
8357,13,5,2,0,,
1067,13,5,2,1,-0.019446533,1/07/2021 18:33
7713,13,5,0,0,,
3673,13,5,0,1,0.019628004,28/07/2021 11:04
3370,13,5,2,0,,
2877,13,5,2,1,0.020813539,29/06/2021 5:20
1282,13,5,2,0,,
2736,13,5,2,1,0.019148493,10/06/2021 17:44
5848,14,0,7,0,,
6254,14,0,7,1,-0.019257658,13/01/2022 18:20
2668,14,0,3,0,,
7091,14,0,3,1,0.01931675,21/03/2022 19:41
2839,14,0,8,0,,
7147,14,0,8,1,-0.020339235,21/01/2022 19:08
4066,14,0,2,0,,
4261,14,0,2,1,0.020765167,4/03/2022 10:39
8373,14,1,6,0,,
1845,14,1,6,1,0.01912244,3/02/2022 15:02
6162,14,1,8,0,,
5403,14,1,8,1,-0.020245879,9/02/2022 17:54
3443,14,1,7,0,,
1935,14,1,7,1,-0.020516523,19/02/2022 12:52
1558,14,1,2,0,,
5022,14,1,2,1,0.020080528,23/03/2022 6:58
2277,14,3,0,0,,
2275,14,3,0,1,-0.020176949,15/03/2022 18:01
1925,14,3,5,0,,
9319,14,3,5,1,-0.01934117,12/03/2022 11:54
5838,14,3,4,0,,
5998,14,3,4,1,-0.019682704,22/01/2022 16:26
3087,14,3,1,0,,
4825,14,3,1,1,-0.01976682,28/02/2022 12:42
2286,14,4,1,0,,
3940,14,4,1,1,0.020321296,27/02/2022 20:14
6154,14,4,4,0,,
4085,14,4,4,1,-0.019898807,12/02/2022 20:21
6245,14,4,5,0,,
1145,14,4,5,1,-0.020791129,8/02/2022 8:57
1934,14,4,0,0,,
6553,14,4,0,1,-0.019867662,3/02/2022 13:02
2397,15,0,8,0,,
9808,15,0,8,1,0.019335511,11/03/2022 9:59
6675,15,0,2,0,,
8035,15,0,2,1,-0.020204171,21/01/2022 9:24
1428,15,0,6,0,,
3628,15,0,6,1,0.019511099,19/01/2022 18:35
3702,15,0,7,0,,
9775,15,0,7,1,0.019988488,11/03/2022 19:33
6559,15,0,1,0,,
5242,15,0,1,1,-0.019593151,31/01/2022 14:37
8155,15,1,1,0,,
5647,15,1,1,1,0.019195737,16/12/2021 8:53
7247,15,1,8,0,,
1035,15,1,8,1,-0.019543983,11/02/2022 9:28
3825,15,1,2,0,,
8497,15,1,2,1,-0.019423616,21/01/2022 14:33
6104,15,1,4,0,,
1657,15,1,4,1,-0.020235679,8/03/2022 8:11
4632,15,1,6,0,,
3061,15,1,6,1,0.019867807,27/01/2022 18:21
7586,15,1,7,0,,
4180,15,1,7,1,-0.019096631,23/01/2022 10:22
1854,15,3,2,0,,
2500,15,3,2,1,-0.019371016,5/03/2022 19:44
9090,15,3,6,0,,
9561,15,3,6,1,-0.019497293,9/02/2022 11:38
5629,15,3,8,0,,
4014,15,3,8,1,0.01984384,15/01/2022 8:06
7574,15,3,7,0,,
2052,15,3,7,1,-0.019844575,20/03/2022 15:57
3869,15,3,1,0,,
4866,15,3,1,1,-0.019174002,12/01/2022 11:18
7843,16,1,8,0,,
3143,16,1,8,1,-0.020965461,6/03/2022 10:48
7707,16,1,6,0,,
3514,16,1,6,1,-0.020465951,12/01/2022 7:35
9814,16,1,2,0,,
2737,16,1,2,1,0.019048501,9/02/2022 18:21
4268,16,1,7,0,,
6067,16,1,7,1,0.020667689,8/03/2022 17:25
3611,16,2,2,0,,
6757,16,2,2,1,0.020389402,25/02/2022 19:49
5138,16,2,6,0,,
7294,16,2,6,1,-0.019867924,27/01/2022 15:25
9900,16,2,8,0,,
6334,16,2,8,1,-0.020594192,18/02/2022 18:38
6582,16,2,7,0,,
2838,16,2,7,1,-0.019620492,26/02/2022 9:33
9761,16,5,0,0,,
2685,16,5,0,1,-0.019729809,27/01/2022 15:06
8773,16,5,1,0,,
3919,16,5,1,1,0.019199605,22/02/2022 16:24
5173,17,1,2,0,,
6952,17,1,2,1,0.01941816,15/01/2022 12:53
7394,17,1,6,0,,
6573,17,1,6,1,-0.019412257,12/03/2022 15:49
6343,17,1,7,0,,
5847,17,1,7,1,0.020406832,1/02/2022 4:18
2817,17,2,6,0,,
5526,17,2,6,1,0.019042007,17/01/2022 10:46
7623,17,2,4,0,,
5860,17,2,4,1,0.019263589,19/02/2022 11:54
4104,17,2,5,0,,
9530,17,2,5,1,-0.020662772,6/02/2022 16:26
6857,17,2,2,0,,
7709,17,2,2,1,0.020857981,28/01/2022 19:34
7264,17,2,0,0,,
2020,17,2,0,1,0.019914424,22/03/2022 8:58
1567,17,2,7,0,,
2350,17,2,7,1,-0.020291711,17/01/2022 13:08
3268,17,3,5,0,,
6496,17,3,5,1,0.019953308,17/02/2022 18:55
5920,17,3,4,0,,
7573,17,3,4,1,0.019982078,23/01/2022 9:43
2776,17,3,1,0,,
7683,17,3,1,1,-0.019433,12/01/2022 7:52
9606,17,3,0,0,,
6758,17,3,0,1,0.019644061,15/01/2022 10:36
2488,18,1,4,0,,
7575,18,1,4,1,0.019216472,28/01/2022 21:07
1955,18,1,2,0,,
6793,18,1,2,1,0.019468691,8/02/2022 18:48
5871,18,1,3,0,,
1501,18,1,3,1,-0.020926596,17/02/2022 21:28
8126,18,1,5,0,,
4097,18,1,5,1,0.020305533,4/03/2022 8:53
6769,18,1,2,0,,
8722,18,1,2,1,0.020768672,27/03/2022 15:37
4690,18,4,2,0,,
8960,18,4,2,1,-0.020275656,17/02/2022 17:53
9225,18,4,6,0,,
1179,18,4,6,1,0.019723741,17/03/2022 11:16
9526,18,4,2,0,,
4949,18,4,2,1,-0.020956165,11/02/2022 16:29
5544,18,5,5,0,,
3527,18,5,5,1,-0.019695612,7/03/2022 16:56
4545,18,5,2,0,,
5622,18,5,2,1,0.020076394,14/02/2022 8:53
6910,18,5,4,0,,
5344,18,5,4,1,0.019136943,3/02/2022 14:14
8977,18,5,2,0,,
8565,18,5,2,1,0.020020872,9/02/2022 8:19
9637,18,6,5,0,,
1041,18,6,5,1,0.02080836,12/02/2022 8:12
5840,18,6,4,0,,
3446,18,6,4,1,0.019634087,2/01/2022 19:44
5449,18,6,3,0,,
8876,18,6,3,1,-0.019050154,23/03/2022 13:19
6222,18,6,2,0,,
3132,18,6,2,1,-0.020261086,1/02/2022 11:21
3695,18,6,6,0,,
6711,18,6,6,1,0.020285961,9/01/2022 13:55
1416,18,6,2,0,,
7601,18,6,2,1,-0.019913946,10/03/2022 11:18
5201,18,7,6,0,,
4864,18,7,6,1,-0.019785583,15/02/2022 8:53
4679,18,7,2,0,,
1655,18,7,2,1,0.020397292,29/01/2022 13:08
4048,18,7,2,0,,
3075,18,7,2,1,0.019431654,22/02/2022 21:21
4716,18,7,2,0,,
2016,18,7,2,1,-0.019865957,4/02/2022 22:11
7704,18,7,2,0,,
1243,18,7,2,1,0.019025107,27/01/2022 8:13
1078,18,7,2,0,,
3986,18,7,2,1,-0.020057213,25/01/2022 10:44
6008,19,0,1,0,,
4579,19,0,1,1,-0.020063523,3/11/2020 16:13
6707,19,0,0,0,,
1426,19,0,0,1,0.019021441,15/10/2020 6:41
9776,19,0,4,0,,
8742,19,0,4,1,0.020704331,18/11/2020 21:07
7526,19,0,5,0,,
9815,19,0,5,1,0.019603679,12/11/2020 13:41
5572,19,1,8,0,,
9875,19,1,8,1,0.019887762,6/11/2020 21:22
5370,19,1,7,0,,
1187,19,1,7,1,-0.020799783,22/11/2020 8:42
4859,19,1,2,0,,
9356,19,1,2,1,-0.019771985,19/11/2020 20:11
8444,19,1,6,0,,
8552,19,1,6,1,0.019030745,5/11/2020 13:22
6339,19,2,5,0,,
3380,19,2,5,1,0.020046849,12/11/2020 7:50
4862,19,2,1,0,,
6949,19,2,1,1,-0.019724147,24/11/2020 15:30
2113,19,2,8,0,,
2097,19,2,8,1,0.019033915,28/10/2020 14:01
3430,19,2,4,0,,
1749,19,2,4,1,-0.019441222,10/10/2020 19:21
1297,19,2,0,0,,
7433,19,2,0,1,-0.019451893,1/12/2020 18:32
5932,19,2,7,0,,
1181,19,2,7,1,0.019665464,17/11/2020 13:24
3744,19,3,0,0,,
1941,19,3,0,1,0.020398809,26/11/2020 18:43
8887,19,3,4,0,,
1915,19,3,4,1,-0.020274125,18/11/2020 3:23
8187,19,3,5,0,,
2343,19,3,5,1,0.020850832,24/11/2020 15:08
7031,19,3,8,0,,
5721,19,3,8,1,0.019320105,1/11/2020 12:48
6502,19,3,1,0,,
7120,19,3,1,1,-0.020687541,9/11/2020 11:15
4993,19,3,7,0,,
8872,19,3,7,1,-0.019815453,12/10/2020 17:14
3435,19,3,2,0,,
7334,19,3,2,1,0.019712303,7/10/2020 20:29
3441,19,3,6,0,,
1887,19,3,6,1,0.020072398,5/11/2020 13:06
2530,19,4,2,0,,
7430,19,4,2,1,-0.020850274,22/10/2020 16:33
1495,19,4,6,0,,
8470,19,4,6,1,0.019293259,25/11/2020 12:38
2545,20,0,5,0,,
9774,20,0,5,1,0.02033622,16/01/2022 15:22
7134,20,0,2,0,,
3172,20,0,2,1,0.020278442,8/01/2022 9:58
7388,20,0,0,0,,
3199,20,0,0,1,-0.019494554,29/12/2021 5:48
2519,20,0,2,0,,
6111,20,0,2,1,-0.019989015,30/12/2021 19:20
9348,20,0,1,0,,
1913,20,0,1,1,0.019906826,5/01/2022 12:26
6810,20,0,6,0,,
1596,20,0,6,1,0.019313393,22/01/2022 10:03
9577,20,0,3,0,,
4930,20,0,3,1,-0.020883085,1/02/2022 16:46
2627,20,0,2,0,,
3603,20,0,2,1,-0.020622448,20/12/2021 14:49
4020,20,1,4,0,,
2306,20,1,4,1,-0.019753853,25/12/2021 12:43
3175,20,1,5,0,,
2822,20,1,5,1,0.020777295,10/02/2022 18:07
5623,20,2,6,0,,
9721,20,2,6,1,-0.020804595,4/12/2021 11:34
2807,20,2,2,0,,
8201,20,2,2,1,-0.019457116,20/01/2022 6:23
7539,20,3,6,0,,
6112,20,3,6,1,-0.020919987,25/01/2022 15:15
9295,20,3,0,0,,
3980,20,3,0,1,0.019592744,13/12/2021 16:24
2649,20,3,2,0,,
4298,20,3,2,1,0.020670055,12/01/2022 15:44
7056,20,3,1,0,,
3637,20,3,1,1,0.019884243,28/11/2021 13:44
1644,20,4,8,0,,
2272,20,4,8,1,0.020079264,27/01/2022 9:58
9249,20,4,7,0,,
1126,20,4,7,1,-0.020304373,20/12/2021 11:47
8237,20,5,5,0,,
5995,20,5,5,1,-0.020043094,9/01/2022 8:38
8888,20,5,1,0,,
8705,20,5,1,1,0.020603544,11/12/2021 14:33
4668,20,5,4,0,,
8687,20,5,4,1,-0.019984724,11/12/2021 10:37
2445,20,5,7,0,,
1548,20,5,7,1,0.0196017,21/12/2021 7:30
3207,20,5,0,0,,
6625,20,5,0,1,-0.019164029,2/01/2022 11:23
9189,20,5,8,0,,
7268,20,5,8,1,0.019777095,9/01/2022 5:49
4595,21,0,4,0,,
2159,21,0,4,1,0.019270582,16/01/2022 8:25
8724,21,0,7,0,,
6297,21,0,7,1,-0.020820031,29/01/2022 21:32
8145,21,0,5,0,,
8986,21,0,5,1,0.019274263,4/03/2022 19:12
3031,21,0,8,0,,
9330,21,0,8,1,-0.019507725,7/01/2022 12:55
6528,21,1,1,0,,
3703,21,1,1,1,0.02047976,24/02/2022 6:50
2704,21,1,4,0,,
8721,21,1,4,1,-0.020033398,21/01/2022 10:10
2777,21,1,5,0,,
3072,21,1,5,1,-0.019542824,6/02/2022 15:38
7909,21,1,0,0,,
3429,21,1,0,1,0.019875385,4/01/2022 14:47
5076,21,2,7,0,,
9529,21,2,7,1,0.02014809,6/02/2022 15:31
4759,21,2,8,0,,
9749,21,2,8,1,0.019856881,10/03/2022 19:59
1624,21,2,2,0,,
7420,21,2,2,1,-0.020192453,28/01/2022 7:53
5463,21,2,6,0,,
1125,21,2,6,1,0.019254166,23/02/2022 15:05
3392,21,4,2,0,,
7741,21,4,2,1,0.01929512,17/01/2022 15:13
7715,21,4,6,0,,
5219,21,4,6,1,0.020505155,21/02/2022 8:57
1814,21,4,1,0,,
8837,21,4,1,1,0.02021567,13/02/2022 11:48
6413,21,4,7,0,,
9388,21,4,7,1,-0.02081213,31/12/2021 9:49
2108,21,4,8,0,,
7827,21,4,8,1,-0.019987045,23/03/2022 8:59
6126,21,4,0,0,,
4126,21,4,0,1,0.019964791,24/01/2022 13:37
1723,21,4,4,0,,
5547,21,4,4,1,0.020717621,9/03/2022 10:26
5864,21,4,5,0,,
7748,21,4,5,1,-0.020392915,20/01/2022 21:03
8369,22,0,6,0,,
1398,22,0,6,1,-0.020580601,10/03/2022 16:02
7755,22,0,1,0,,
6637,22,0,1,1,0.020596816,2/03/2022 6:05
1245,22,0,7,0,,
9068,22,0,7,1,-0.020796847,20/01/2022 19:06
1568,22,0,4,0,,
4262,22,0,4,1,-0.019074721,22/01/2022 19:33
7777,22,0,8,0,,
3850,22,0,8,1,0.019738162,7/01/2022 10:07
1488,22,0,2,0,,
9163,22,0,2,1,-0.020981587,6/01/2022 17:28
1386,22,0,0,0,,
7331,22,0,0,1,0.020727567,15/02/2022 20:46
3835,22,1,8,0,,
3763,22,1,8,1,0.020385973,18/02/2022 20:48
5883,22,1,7,0,,
3410,22,1,7,1,0.019154091,18/02/2022 5:57
8666,22,1,1,0,,
4045,22,1,1,1,0.019061699,26/01/2022 19:57
4341,22,1,0,0,,
2837,22,1,0,1,0.020374978,20/02/2022 20:42
7208,23,0,6,0,,
6408,23,0,6,1,-0.019106501,15/11/2021 7:10
5208,23,0,2,0,,
9191,23,0,2,1,0.02092958,29/09/2021 13:23
8147,23,1,1,0,,
4487,23,1,1,1,-0.01911881,24/09/2021 13:32
5290,23,1,0,0,,
3577,23,1,0,1,-0.019754227,3/10/2021 15:49
8477,23,2,1,0,,
1983,23,2,1,1,-0.020707662,7/09/2021 10:21
2616,23,2,5,0,,
1272,23,2,5,1,-0.020092371,2/10/2021 9:47
1444,23,2,0,0,,
8097,23,2,0,1,0.019105018,27/10/2021 18:11
8336,23,2,4,0,,
5863,23,2,4,1,-0.020827171,20/10/2021 13:31
8282,23,3,5,0,,
9185,23,3,5,1,0.020504119,21/10/2021 19:44
7020,23,3,4,0,,
5471,23,3,4,1,-0.019853488,16/11/2021 8:00
2656,23,4,8,0,,
8984,23,4,8,1,-0.019263206,9/11/2021 5:14
2752,23,4,7,0,,
7029,23,4,7,1,-0.019129411,24/10/2021 14:25
8979,24,0,5,0,,
1210,24,0,5,1,-0.020205563,8/02/2022 14:18
3364,24,0,0,0,,
6140,24,0,0,1,-0.0205645,2/02/2022 11:52
8594,24,0,4,0,,
5485,24,0,4,1,0.019506397,11/02/2022 10:12
7279,24,0,1,0,,
8812,24,0,1,1,-0.020796,9/12/2021 16:03
3023,24,0,2,0,,
5002,24,0,2,1,0.020467223,8/12/2021 20:03
7115,24,0,6,0,,
5383,24,0,6,1,-0.019463469,19/12/2021 16:21
8800,24,0,2,0,,
7720,24,0,2,1,-0.020864179,3/12/2021 8:25
8734,24,1,2,0,,
8200,24,1,2,1,0.020399608,4/02/2022 18:28
4257,24,1,3,0,,
8408,24,1,3,1,-0.020462102,23/12/2021 15:29
6962,24,2,6,0,,
2201,24,2,6,1,-0.019323049,27/01/2022 10:47
2326,24,2,2,0,,
6842,24,2,2,1,0.01903895,25/01/2022 11:33
4325,24,2,2,0,,
5900,24,2,2,1,0.0193485,3/02/2022 8:20
4075,24,2,2,0,,
3366,24,2,2,1,-0.01972159,13/01/2022 13:50
9518,24,3,7,0,,
8884,24,3,7,1,0.01900688,24/01/2022 11:16
3226,24,4,2,0,,
5483,24,4,2,1,-0.020896382,29/12/2021 20:10
2628,24,4,0,0,,
7370,24,4,0,1,0.020010435,29/11/2021 20:56
8608,24,4,2,0,,
4492,24,4,2,1,-0.020346174,9/12/2021 19:11
3249,24,4,8,0,,
9595,24,4,8,1,-0.019105891,8/01/2022 15:59
3295,24,4,5,0,,
6946,24,4,5,1,0.019162841,20/01/2022 11:41
5431,24,4,1,0,,
9755,24,4,1,1,0.020687379,10/02/2022 15:55
5063,24,4,4,0,,
4001,24,4,4,1,0.019510065,16/01/2022 16:30
4852,24,4,3,0,,
1952,24,4,3,1,0.02089966,24/12/2021 18:41
